{"cameraMode":{"drawMode":0,"name":"Shaded","section":"Shading Mode"},"sceneLighting":true,"audioPlay":false,"sceneViewState":{"showFog":true,"showMaterialUpdate":false,"showSkybox":true,"showFlares":true,"showImageEffects":true,"showParticleSystems":true},"in2DMode":false,"pivot":{"x":9.469001770019532,"y":1.8419780731201172,"z":31.56964874267578},"rotation":{"x":-0.31161490082740786,"y":-0.002718571340665221,"z":-0.0015430659987032414,"w":-0.9504719376564026},"size":11.587174415588379,"orthographic":false}